{"cameraMode":{"drawMode":0,"name":"Shaded","section":"Shading Mode"},"sceneLighting":true,"audioPlay":false,"sceneViewState":{"m_AlwaysRefresh":false,"showFog":true,"showSkybox":true,"showFlares":true,"showImageEffects":true,"showParticleSystems":true,"showVisualEffectGraphs":true,"m_FxEnabled":true},"in2DMode":false,"pivot":{"x":-1.9440555572509766,"y":-8.845184326171875,"z":-2.1053404808044435},"rotation":{"x":0.004606889095157385,"y":0.9844809770584106,"z":-0.17336489260196687,"w":0.026020679622888566},"size":54.355567932128909,"orthographic":false}